{"val_loss": [0.6762050098395269, 0.6388323188088062, 2.1473943776366755, 6.114106642120927, 8.622025233968653, 7.684019961819914, 14.077845946783068, 6.046429563894657, 26.84319364283571, 29.52635322246323], "val_accuracy": [0.9978189468383789, 0.9967284798622131, 0.0, 0.0, 0.0, 0.0, 0.0, 0.0, 0.0, 0.0], "loss": [0.6083703175898626, 0.571391717506138, 0.5602582642684042, 0.548459845480457, 0.5453931041824216, 0.5409691416713095, 0.5411270791967113, 0.5303592833783096, 0.5152338938530926, 0.5046083289636921], "accuracy": [