{"val_loss":{"0":0.3448832047,"1":0.3449399289,"2":0.4734278256,"3":0.3492185446,"4":0.376132262,"5":0.4573745326,"6":0.4675183713,"7":0.4981147838,"8":0.4959826714,"9":0.4357812161,"10":0.3754747853,"11":0.4287640725,"12":0.4845826494,"13":0.3985267755,"14":0.3726299851,"15":0.5508727221},"val_accuracy":{"0":0.8430563211,"1":0.8411846161,"2":0.7955813408,"3":0.8458026648,"4":0.8341000676,"5":0.8134763241,"6":0.8148581982,"7":0.8003568649,"8":0.7927825451,"9":0.8084559441,"10":0.8398726583,"11":0.8178494573,"12":0.7957388163,"13":0.8318960071,"14":0.8415869474,"15":0.7817271948},"loss":{"0":0.260938542,"1":0.2213760048,"2":0.2134158231,"3":0.2088234244,"4":0.2061792933,"5":0.2031768056,"6":0.2015910836,"7":0.1999608735,"8":0.1986851957,"9":0.1977185841,"10":0.1961393849,"11":0.1953049529,"12":0.1949456108,"13":0.1939708921,"14":0.1928422258,"15":0.1926563441},"accuracy":{"0":0.9000284076,"1":0.917634964,"2":0.9207924008,"3":0.9226947427,"4":0.9244353175,"5":0.9248638749,"6":0.9258347154,"7":0.9263595343,"8":0.926525712,"9":0.9268056154,"10":0.92770648,"11":0.9284411669,"12":0.9280912876,"13":0.9282924533,"14":0.928935349,"15":0.9292502403}}