{"val_loss":{"0":0.6801591119,"1":0.6949545588,"2":0.4244355753,"3":0.668453976,"4":0.5380277182},"val_accuracy":{"0":0.6849581003,"1":0.6918151975,"2":0.7892140746,"3":0.7061941624,"4":0.7496807575},"loss":{"0":0.2920880059,"1":0.259290038,"2":0.2491641664,"3":0.2429490764,"4":0.2393492534},"accuracy":{"0":0.8859029412,"1":0.900233984,"2":0.9047209024,"3":0.9070299268,"4":0.9087748528}}